"exposure","outcome","outcome_id","nsnp","method","b","se","pval","or","or_lci","or_uci","fdr_ivw"
"CD","Psoriasis (European GWAS)","ebi-a-GCST90019017",78,"Inverse variance weighted",0.149902732539862,0.0637034898748407,0.0186160148734035,1.16172123955825,1.02536012503829,1.31621681542409,0.0558480446202106
"CD","Psoriasis (European GWAS)","ebi-a-GCST90019017",78,"MR Egger",0.206004032373597,0.161950671613018,0.207245477258014,1.22875815879728,0.894563594095141,1.68780243548599,NA
"CD","Psoriasis (European GWAS)","ebi-a-GCST90019017",78,"Weighted median",0.0661053514275781,0.0238565047277638,0.00558917881382372,1.06833926230392,1.01953496040521,1.11947978608448,NA
"CD","Atopic dermatitis (European GWAS)","ebi-a-GCST90027161",79,"Inverse variance weighted",0.0699208480909247,0.0186736428112185,0.000180853920182221,1.07242329354373,1.03388185373621,1.1124014957599,0.00217024704218665
"CD","Atopic dermatitis (European GWAS)","ebi-a-GCST90027161",79,"MR Egger",0.0112374822832534,0.04861491718511,0.817809091816969,1.01130085996667,0.919387349336521,1.11240319992153,NA
"CD","Atopic dermatitis (European GWAS)","ebi-a-GCST90027161",79,"Weighted median",0.0533166606483156,0.0153394258629561,0.000509346303147201,1.05476359436588,1.02352380672077,1.08695687652251,NA
"CD","Vitiligo (FinnGen R5)","finn-b-L12_VITILIGO",79,"Inverse variance weighted",0.108175453728267,0.109452325394229,0.322989102947026,1.11424322636529,0.899108911875703,1.38085381103705,0.484483654420539
"CD","Vitiligo (FinnGen R5)","finn-b-L12_VITILIGO",79,"MR Egger",0.408320472991241,0.292622960550444,0.166912426453611,1.50428916798026,0.847706738970648,2.66942068155612,NA
"CD","Vitiligo (FinnGen R5)","finn-b-L12_VITILIGO",79,"Weighted median",-0.0809037289358239,0.173951150715498,0.641863761977104,0.922282476286297,0.655833728814389,1.2969826477246,NA
"CD","Hidradenitis suppurativa (FinnGen R5)","finn-b-L12_HIDRADENITISSUP",79,"Inverse variance weighted",0.0835837600381823,0.0709140541444619,0.238532460493398,1.08717627340548,0.946099263165095,1.24928989533477,0.477064920986796
"CD","Hidradenitis suppurativa (FinnGen R5)","finn-b-L12_HIDRADENITISSUP",79,"MR Egger",0.0670267942708911,0.190909435781989,0.726478076848733,1.06932412955115,0.735536069126876,1.55458602512542,NA
"CD","Hidradenitis suppurativa (FinnGen R5)","finn-b-L12_HIDRADENITISSUP",79,"Weighted median",0.099438724101402,0.089101042241922,0.264412714122263,1.10455078632428,0.927558588137082,1.31531577107158,NA
"CD","Alopecia areata (FinnGen R5)","finn-b-L12_ALOPECAREATA",79,"Inverse variance weighted",-0.0021657938513671,0.0673495984785945,0.97434645892558,0.997836549787884,0.87444051648161,1.13864552399606,0.97434645892558
"CD","Alopecia areata (FinnGen R5)","finn-b-L12_ALOPECAREATA",79,"MR Egger",-0.0900598005654552,0.180648835822557,0.619528014216591,0.913876533303687,0.641381061626788,1.30214371469724,NA
"CD","Alopecia areata (FinnGen R5)","finn-b-L12_ALOPECAREATA",79,"Weighted median",-0.0699800735647022,0.100766283704649,0.487381830979238,0.932412399376183,0.765304113912162,1.13600968125756,NA
"CD","Erythema nodosum (FinnGen R5)","finn-b-L12_ERYTHEMANODOSUM",79,"Inverse variance weighted",0.170251216842299,0.0591281770262755,0.00398485120310934,1.18560265726764,1.0558646343204,1.33128207464287,0.0159394048124374
"CD","Erythema nodosum (FinnGen R5)","finn-b-L12_ERYTHEMANODOSUM",79,"MR Egger",0.16795684775515,0.159218218914715,0.294776856360978,1.18288556537891,0.865791759923267,1.61611408834129,NA
"CD","Erythema nodosum (FinnGen R5)","finn-b-L12_ERYTHEMANODOSUM",79,"Weighted median",0.106131945740623,0.0909403269569313,0.243190013086185,1.11196858634612,0.93042752413512,1.32893116867965,NA
"UC","Psoriasis (European GWAS)","ebi-a-GCST90019017",52,"Inverse variance weighted",-0.00930390867254198,0.0659295871007939,0.887776038625379,0.990739238768783,0.870640701913936,1.127404493126,0.97434645892558
"UC","Psoriasis (European GWAS)","ebi-a-GCST90019017",52,"MR Egger",-0.110824938066364,0.194596510114508,0.57155901533479,0.895095432351156,0.611259254579812,1.31072998406651,NA
"UC","Psoriasis (European GWAS)","ebi-a-GCST90019017",52,"Weighted median",0.0683898326357009,0.0292816192800764,0.0195126639875657,1.07078265315014,1.01105855761109,1.13403470220001,NA
"UC","Atopic dermatitis (European GWAS)","ebi-a-GCST90027161",52,"Inverse variance weighted",0.0413675670251047,0.0203135187605531,0.0417046865282656,1.04223512641312,1.00155427689261,1.08456833922127,0.100091247667837
"UC","Atopic dermatitis (European GWAS)","ebi-a-GCST90027161",52,"MR Egger",-0.00756738894809569,0.0596763162720864,0.899601551436152,0.992461171651187,0.882909152394744,1.11560648631137,NA
"UC","Atopic dermatitis (European GWAS)","ebi-a-GCST90027161",52,"Weighted median",0.0337246555353401,0.017531662718259,0.0543993811202032,1.03429977879813,0.999362799705941,1.07045812865622,NA
"UC","Vitiligo (FinnGen R5)","finn-b-L12_VITILIGO",52,"Inverse variance weighted",-0.124453617880887,0.149576937603909,0.405387790566364,0.882979214863744,0.658609545458851,1.18378529320922,0.540517054088486
"UC","Vitiligo (FinnGen R5)","finn-b-L12_VITILIGO",52,"MR Egger",-0.0400208701084948,0.446675617415937,0.928965278217761,0.960769387581727,0.400314384134202,2.30588220833132,NA
"UC","Vitiligo (FinnGen R5)","finn-b-L12_VITILIGO",52,"Weighted median",0.00157561274706,0.1916168795117,0.993439289266705,1.00157685467701,0.687981403578942,1.45811527841621,NA
"UC","Hidradenitis suppurativa (FinnGen R5)","finn-b-L12_HIDRADENITISSUP",52,"Inverse variance weighted",0.239588091545564,0.0828930654440199,0.00384840895659693,1.2707256198794,1.08016918676083,1.49489878142157,0.0159394048124374
"UC","Hidradenitis suppurativa (FinnGen R5)","finn-b-L12_HIDRADENITISSUP",52,"MR Egger",0.175074444691341,0.247766099435594,0.483087813129597,1.1913349018703,0.733045789662769,1.9361394177944,NA
"UC","Hidradenitis suppurativa (FinnGen R5)","finn-b-L12_HIDRADENITISSUP",52,"Weighted median",0.133224339000994,0.114927112157738,0.24637172629424,1.14250627830013,0.912075232231464,1.43115452522665,NA
"UC","Alopecia areata (FinnGen R5)","finn-b-L12_ALOPECAREATA",52,"Inverse variance weighted",0.00753640465833801,0.0917435882999909,0.934530303225378,1.0075648748319,0.841742586345877,1.20605395694911,0.97434645892558
"UC","Alopecia areata (FinnGen R5)","finn-b-L12_ALOPECAREATA",52,"MR Egger",-0.131484605290006,0.274325439795963,0.63381390570559,0.876792773004364,0.512137329980308,1.5010926206497,NA
"UC","Alopecia areata (FinnGen R5)","finn-b-L12_ALOPECAREATA",52,"Weighted median",-0.015003595070177,0.134462900324778,0.911155105886631,0.985108398062874,0.756879756950133,1.28215683802195,NA
"UC","Erythema nodosum (FinnGen R5)","finn-b-L12_ERYTHEMANODOSUM",52,"Inverse variance weighted",0.0892133873912224,0.0848077478248579,0.292823155265266,1.09331393084401,0.925880781462262,1.29102512473558,0.484483654420539
"UC","Erythema nodosum (FinnGen R5)","finn-b-L12_ERYTHEMANODOSUM",52,"MR Egger",0.278939945532847,0.252496266656725,0.274564958515244,1.32172796581735,0.805773384148861,2.16805971752094,NA
"UC","Erythema nodosum (FinnGen R5)","finn-b-L12_ERYTHEMANODOSUM",52,"Weighted median",0.219103834780972,0.113953192691333,0.0545110864162048,1.2449605401814,0.995764571938355,1.55651927201194,NA
