rsid,trait,gwas_id,p,beta,se,eaf,n
rs7655660,ENSG00000169429,eqtl-a-ENSG00000169429,2.54e-140,-0.627289,0.0248748,0.0581644,22376
rs7655660,ENSG00000163739,eqtl-a-ENSG00000163739,1.85e-67,-0.436655,0.0251619,0.0581644,28414
rs7655660,ENSG00000169435,eqtl-a-ENSG00000169435,3.38e-16,0.206987,0.0253692,0.0581644,27455
rs7655660,Interleukin-8 levels,ebi-a-GCST90011994,2.67e-15,-0.1876,0.0237,0.0683,21758
rs7655660,ENSG00000124875,eqtl-a-ENSG00000124875,2.2e-11,-0.169909,0.0253887,0.0581644,28374
rs7655660,Interleukin-8,prot-a-749,2.4e-07,-0.2719,0.0526,0.06088,3301
rs7655660,Alpha-hydroxyisocaproate levels,ebi-a-GCST90026115,7.84e-06,-0.0829,0.0185,0.0697,291
rs7655660,NET100 1090,ubm-a-2246,2.14e-05,-0.1445,0.034,0.058119,7916
rs7655660,White blood cell count,ebi-a-GCST90002374,2.59e-05,-0.016876,0.004009,0.057417,562243
rs7655660,white blood cell count,ieu-b-30,2.59e-05,-0.016876,0.004009,0.057417,562243
rs74327761,ENSG00000169429,eqtl-a-ENSG00000169429,8.65e-161,-0.659082,0.0243927,0.0602352,25143
rs74327761,ENSG00000163739,eqtl-a-ENSG00000163739,3.74e-78,-0.462461,0.0247108,0.0602352,31181
rs74327761,ENSG00000169435,eqtl-a-ENSG00000169435,3.42e-17,0.210387,0.0249528,0.0602352,30222
rs74327761,Interleukin-8 levels,ebi-a-GCST90011994,6.03e-15,-0.181,0.0232,0.0745,21758
rs74327761,ENSG00000124875,eqtl-a-ENSG00000124875,1.34e-11,-0.168941,0.0249751,0.0602352,31141
rs74327761,Interleukin-8,prot-a-749,7.76e-08,-0.2678,0.0499,0.06347,3301
rs74327761,NET100 1090,ubm-a-2246,1.78e-05,-0.1436,0.0335,0.058563,7916
rs74327761,Alpha-hydroxyisocaproate levels,ebi-a-GCST90026115,1.81e-05,-0.0806,0.0188,0.0677,291
rs74327761,NA,ukb-e-recode253_CSA,2.06e-05,0.3726,0.0875,0.1567,
rs74327761,White blood cell count,ebi-a-GCST90002374,2.28e-05,-0.016728,0.003947,0.058001,562243
rs6761276,Interleukin-1-receptor antagonist levels,ebi-a-GCST90012004,7.12e-71,-0.1816,0.0102,0.5695,21758
rs6761276,C-reactive protein levels,ebi-a-GCST90025959,8.5e-51,0.0290712,0.00203576,0.576293,436939
rs6761276,Interleukin-1 receptor antagonist protein measurement,ebi-a-GCST90019460,3.1e-49,-0.1985,0.0135,0.5753,10708
rs6761276,C-reactive protein levels,ebi-a-GCST90029070,3.83e-42,0.0277,0.002,,575531
rs6761276,C reactive protein levels (UKB data field 30710),ebi-a-GCST90014002,5.48e-35,0.0263979,0.00213912,,389057
rs6761276,C-reactive protein,ebi-a-GCST90018950,7.59e-30,0.0261,0.0023,0.494392,353466
rs6761276,C-reactive protein,ukb-d-30710_irnt,8.17e-30,0.027446,0.0024197,0.57965,343524
rs6761276,ENSG00000189223,eqtl-a-ENSG00000189223,4.58e-29,-0.133903,0.0119665,0.569284,17037
rs6761276,Neutrophil count,ebi-a-GCST90025977,5.3e-22,0.0190347,0.00204311,0.576153,443782
rs6761276,Neutrophil count,ebi-a-GCST90002351,8.7e-22,0.018626,0.001941,0.579297,519288
rs9264098,ENSG00000206344,eqtl-a-ENSG00000206344,3.76e-196,0.355988,0.0119146,0.623724,5989
rs9264098,ENSG00000204525,eqtl-a-ENSG00000204525,1.54e-147,-0.310525,0.0120043,0.623724,24929
rs9264098,Monocyte count,ebi-a-GCST90002340,2.92e-115,-0.043949,0.001925,0.621871,521594
rs9264098,Monocyte count (UKB data field 30130),ebi-a-GCST90013983,2.43e-83,-0.0403387,0.00208566,,395949
rs9264098,ENSG00000204536,eqtl-a-ENSG00000204536,1.07e-77,0.226457,0.0121368,0.623724,8756
rs9264098,Psoriasis,ebi-a-GCST90019017,5.79e-73,0.2933,0.0162,,44161
rs9264098,"Non-cancer illness code, self-reported: malabsorption/coeliac disease",ukb-b-8631,4.4e-72,0.00250503,0.000139519,0.6219,462933
rs9264098,Monocyte count,ebi-a-GCST90018967,3.26e-70,-0.0398,0.0022,0.677081,349856
rs9264098,Monocyte count,ukb-d-30130_irnt,6.8e-65,-0.0405688,0.00238436,0.621683,349856
rs9264098,ENSG00000137310,eqtl-a-ENSG00000137310,3.42e-56,0.192346,0.0121784,0.623724,8756
rs55709272,C-reactive protein levels,ebi-a-GCST90029070,7.18e-106,0.0445,0.002,,575531
rs55709272,C reactive protein levels (UKB data field 30710),ebi-a-GCST90014002,7.48e-91,0.0431178,0.00213314,,389057
rs55709272,Neutrophil count,ebi-a-GCST90002351,2.58e-89,0.038761,0.001934,0.437226,519288
rs55709272,neutrophil cell count,ieu-b-34,2.58e-89,0.038761,0.001934,0.437226,518324
rs55709272,Interleukin-1-receptor antagonist levels,ebi-a-GCST90012004,6.16e-85,-0.2028,0.0104,0.4164,21758
rs55709272,White blood cell count,ebi-a-GCST90002374,2.59e-74,0.035439,0.001942,0.436527,562243
rs55709272,white blood cell count,ieu-b-30,2.59e-74,0.035439,0.001942,0.436527,504297
rs55709272,C-reactive protein,ebi-a-GCST90018950,2.27e-73,0.0429,0.0024,0.364095,353466
rs55709272,Neutrophil count,ebi-a-GCST90002398,2.5e-73,0.0391727,0.00216271,0.437184,408112
rs55709272,C-reactive protein,ukb-d-30710_irnt,9.98e-71,0.042903,0.0024124,0.43677,343524
rs4848311,ENSG00000125637,eqtl-a-ENSG00000125637,2.51e-41,0.17382,0.0129091,0.700321,31351
rs4848311,Interleukin-1-receptor antagonist levels,ebi-a-GCST90012004,4.86e-39,-0.1464,0.0112,0.6999,21758
rs4848311,Interleukin-1 receptor antagonist protein measurement,ebi-a-GCST90019460,3.03e-27,-0.1555,0.0144,0.6797,10708
rs4848311,C-reactive protein levels,ebi-a-GCST90029070,8.31e-13,0.0153,0.0021,,575531
rs4848311,ENSG00000237753,eqtl-a-ENSG00000237753,8.87e-12,-0.0885073,0.0129704,0.700321,21742
rs4848311,C reactive protein levels (UKB data field 30710),ebi-a-GCST90014002,6.58e-10,0.0139885,0.00226504,,389057
rs4848311,C-reactive protein,ukb-d-30710_irnt,1.44e-09,0.015496,0.002561,0.67574,343524
rs4848311,C-reactive protein,ebi-a-GCST90018950,1.82e-09,0.0152,0.0025,0.729111,353466
rs4848311,Allergic rhinitis (SPA correction),ebi-a-GCST90013970,2.68e-07,0.0288087,0.00559993,,407746
rs4848311,Allergic rhinitis (Firth correction),ebi-a-GCST90013920,2.69e-07,0.0288515,0.00561309,,407746
