"gene","pqtl","gwas","n_snps","PP_H0","PP_H1","PP_H2","PP_H3","PP_H4"
"CXCL8","Folkersen2020","CD",5685,1.38811077806808e-10,0.748457118581798,4.41668645093149e-11,0.238130435074726,0.0134124461604988
"CXCL8","Folkersen2020","IBD",16,0.849594161330672,0.00174089305847897,0.146572519734414,0.000298546086965669,0.00179387978946861
"CXCL8","Sun2018","CD",5038,0.00159361848278152,0.788234193685974,0.000396230066365892,0.195969165450156,0.0138067923147221
"CXCL8","Sun2018","IBD",16,0.848866510347527,0.000820804073538483,0.146446984928573,0.000137877812820756,0.00372782283754039
"CXCL8","Folkersen2018","CD",1234,0.900640918861641,0.0648875516322657,0.0302203767744357,0.0021751804872736,0.00207597224438363
"CXCL8","Folkersen2018","IBD",16,0.849015378482003,0.000538609039869594,0.14647266775288,8.90368628784623e-05,0.00388430786236804
"IL1RN","Sun2018","CD",5250,1.95150714285338e-09,0.422413221022765,2.65109422769563e-09,0.573838502860798,0.00374827151383555
"IL1RN","Sun2018","IBD",43,0.100428737971369,0.892549220939792,0.000102007254637983,0.000900558636769832,0.00601947519743136
"IL1RN","Pietzner2020","CD",5637,3.31595889313764e-49,0.389485241246248,5.11464215728514e-49,0.60074485303036,0.0097699057233961
"IL1RN","Pietzner2020","IBD",45,3.5790345850345e-36,0.993301349248865,5.28236786818806e-39,0.00146079523414353,0.0052378555169957
"TNF","Sun2018","CD",13634,2.5640220061198e-33,1.33379424350662e-32,0.159538433581046,0.829907029626754,0.0105545367921957
"TNF","Sun2018","IBD",2175,4.88152035592404e-45,5.52893547314003e-45,0.460216840472341,0.521234878745496,0.0185482807821701
